{
  "exp_000_20shot_prototypical_augFalse_high_lr": {
    "config": {
      "n_shot": 20,
      "loss_type": "prototypical",
      "use_augmentation": false,
      "hyperparams": {
        "learning_rate": 0.0005,
        "weight_decay": 0.05,
        "batch_size": 16,
        "num_epochs": 150,
        "label_smoothing": 0.2,
        "temperature": 0.2,
        "patience": 25
      },
      "model": "coca_ViT-L-14",
      "pretrained": "mscoco_finetuned_laion2B-s13B-b90k"
    },
    "epoch_history": {
      "train_loss": [
        2.1890280895233154,
        1.6903715276718139,
        1.5607315473556518,
        1.5472939538955688,
        1.5662877616882325,
        1.712221245765686,
        1.7464114332199097,
        1.6088280410766602,
        1.5363535566329956,
        1.5132023811340332,
        1.6440413722991942,
        1.655497103691101,
        1.5434789915084839,
        1.5422177305221558,
        1.5853380765914917,
        1.657642216682434,
        1.5584947729110719,
        1.4733801937103272,
        1.4512899389266969,
        1.4348251714706421,
        1.4319045915603639,
        1.429274516105652,
        1.4311522789001465,
        1.4560787515640259,
        1.711351689338684,
        2.469233260154724,
        5.7700129356384275,
        6.113207317352295,
        5.824731498718262,
        6.931556648254395,
        6.211254196166992,
        6.326028076171875,
        7.877063232421875,
        7.7393524475097655,
        7.706386199951172,
        7.694737571716309,
        7.638040142059326,
        7.619090339660644,
        7.620909729003906,
        7.521261039733886,
        7.496636360168457,
        7.197426795959473,
        7.07040406036377,
        5.914525291442871,
        NaN
      ],
      "val_accuracy": [
        92.15,
        96.5,
        95.95,
        97.1,
        93.65,
        91.8,
        96.75,
        98.35000000000001,
        99.05000000000001,
        95.05,
        97.75,
        97.1,
        99.65,
        98.8,
        97.0,
        97.15,
        99.7,
        99.85000000000001,
        99.95,
        100.0,
        100.0,
        100.0,
        100.0,
        98.05,
        79.60000000000001,
        68.05,
        1.0999999999999999,
        1.4500000000000002,
        1.9,
        1.25,
        1.4000000000000001,
        1.0,
        1.05,
        1.25,
        0.8999999999999999,
        1.0,
        1.0,
        1.0999999999999999,
        1.25,
        1.0,
        1.3,
        1.0,
        1.05,
        1.25,
        1.0
      ],
      "learning_rates": [
        0.0005,
        0.0004999451708687113,
        0.0004997807075247146,
        0.0004995066821070679,
        0.0004991232148123761,
        0.0004986304738420684,
        0.0004980286753286195,
        0.000497318083240747,
        0.0004964990092676262,
        0.0004955718126821722,
        0.0004945369001834514,
        0.00049339472571829,
        0.0004921457902821577,
        0.0004907906416994145,
        0.0004893298743830167,
        0.0004877641290737883,
        0.0004860940925593702,
        0.0004843204973729728,
        0.0004824441214720627,
        0.000480465787897125,
        0.00047838636441065006,
        0.00047620676311650473,
        0.00047392794005985306,
        0.0004715508948078035,
        0.0004690766700109657,
        0.00046650635094610946,
        0.0004638410650401265,
        0.0004610819813755036,
        0.0004582303101775247,
        0.0004552873022834258,
        0.00045225424859373666,
        0.00044913247950604884,
        0.0004459233643314598,
        0.00044262831069394716,
        0.000439248763912939,
        0.0004357862063693485,
        0.00043224215685535276,
        0.0004286181699082007,
        0.0004249158351283413,
        0.0004211367764821721,
        0.00041728265158971447,
        0.0004133551509975263,
        0.0004093559974371723,
        0.0004052869450695775,
        0.00040114977871559364
      ],
      "train_accuracy": [
        78.35,
        92.75,
        97.6,
        98.0,
        97.1,
        92.30000000000001,
        91.25,
        95.6,
        98.1,
        98.7,
        94.89999999999999,
        94.35,
        98.25,
        98.25,
        96.85000000000001,
        94.75,
        98.0,
        99.75,
        99.8,
        99.95,
        100.0,
        100.0,
        100.0,
        99.6,
        91.95,
        69.05,
        9.5,
        1.55,
        1.0999999999999999,
        0.95,
        0.8999999999999999,
        1.3,
        0.8,
        0.8,
        0.6,
        1.15,
        1.2,
        1.15,
        1.05,
        1.0999999999999999,
        1.0,
        1.05,
        1.4500000000000002,
        0.8500000000000001,
        1.0
      ]
    },
    "final_metrics": {
      "overall_accuracy": 1.0,
      "mean_per_class_accuracy": 1.0,
      "total_samples": 2000,
      "correct_predictions": 20
    },
    "training_time": 6999.128435134888,
    "best_epoch": 22
  },
  "exp_001_20shot_prototypical_augFalse_low_lr": {
    "config": {
      "n_shot": 20,
      "loss_type": "prototypical",
      "use_augmentation": false,
      "hyperparams": {
        "learning_rate": 5e-05,
        "weight_decay": 0.001,
        "batch_size": 32,
        "num_epochs": 100,
        "label_smoothing": 0.05,
        "temperature": 0.05,
        "patience": 15
      },
      "model": "coca_ViT-L-14",
      "pretrained": "mscoco_finetuned_laion2B-s13B-b90k"
    },
    "epoch_history": {
      "train_loss": [
        3.830839062493945,
        1.7176506065187,
        0.7468118960895236,
        0.5525707285555582,
        0.49229589766926235,
        0.4679629788512275,
        0.45407240163712276,
        0.4555611572568379,
        0.4436272155670893,
        0.44003726281816996,
        0.4383614593082004,
        0.437123507734329,
        0.43614551377674887,
        0.4353273681231907,
        0.43465536407061983,
        0.43406205328684005,
        0.4335228218918755,
        0.43305734935260953,
        0.4326322703134446,
        0.43223198869871715,
        0.431875657467615,
        0.4315412101291475,
        0.431254490027352
      ],
      "val_accuracy": [
        90.75,
        95.95,
        96.95,
        98.85000000000001,
        99.0,
        99.85000000000001,
        99.95,
        100.0,
        100.0,
        100.0,
        100.0,
        100.0,
        100.0,
        100.0,
        100.0,
        100.0,
        100.0,
        100.0,
        100.0,
        100.0,
        100.0,
        100.0,
        100.0
      ],
      "learning_rates": [
        5e-05,
        4.998766400914329e-05,
        4.995066821070679e-05,
        4.9889049115077005e-05,
        4.9802867532861956e-05,
        4.969220851487845e-05,
        4.9557181268217227e-05,
        4.939791904846869e-05,
        4.921457902821578e-05,
        4.9007342141923585e-05,
        4.877641290737885e-05,
        4.852201922385565e-05,
        4.82444121472063e-05,
        4.794386564209954e-05,
        4.76206763116505e-05,
        4.727516310470921e-05,
        4.6907667001096604e-05,
        4.651855067509861e-05,
        4.61081981375504e-05,
        4.567701435686407e-05,
        4.522542485937371e-05,
        4.475387530939228e-05,
        4.426283106939476e-05
      ],
      "train_accuracy": [
        46.6,
        92.25,
        95.85000000000001,
        97.85000000000001,
        99.05000000000001,
        99.45,
        99.85000000000001,
        99.7,
        100.0,
        100.0,
        100.0,
        100.0,
        100.0,
        100.0,
        100.0,
        100.0,
        100.0,
        100.0,
        100.0,
        100.0,
        100.0,
        100.0,
        100.0
      ]
    },
    "final_metrics": {
      "overall_accuracy": 92.45,
      "mean_per_class_accuracy": 92.45,
      "total_samples": 2000,
      "correct_predictions": 1849
    },
    "training_time": 3082.479707956314,
    "best_epoch": 22
  }
}