{
  "exp_000_1shot_contrastive_augFalse_default": {
    "config": {
      "n_shot": 1,
      "loss_type": "contrastive",
      "use_augmentation": false,
      "hyperparams": {
        "learning_rate": 0.0001,
        "weight_decay": 0.01,
        "batch_size": 32,
        "num_epochs": 100,
        "label_smoothing": 0.1,
        "temperature": 0.1,
        "patience": 20
      },
      "model": "coca_ViT-L-14",
      "pretrained": "mscoco_finetuned_laion2B-s13B-b90k"
    },
    "epoch_history": {
      "train_loss": [
        4.722947478294373,
        4.266073703765869,
        3.893941581249237,
        3.5572009682655334,
        3.3064212799072266,
        3.024720788002014,
        2.717008948326111,
        2.504313826560974,
        2.2341224551200867,
        1.9846764504909515,
        1.8249447345733643,
        1.6085737943649292,
        1.4633192718029022,
        1.4372754395008087,
        1.2703192830085754,
        1.2934614717960358,
        1.1184122264385223,
        1.1151412427425385,
        1.025955155491829,
        1.020712986588478,
        0.9761270582675934,
        0.9795634299516678,
        0.925216943025589,
        0.905363142490387,
        0.9038623720407486,
        0.9086023271083832,
        0.8810274004936218,
        0.8782234787940979,
        0.8608001917600632,
        0.8703002035617828,
        0.8524069041013718,
        0.8561832904815674,
        0.8385898768901825,
        0.846734032034874,
        0.844833180308342,
        0.8347929418087006,
        0.8314376771450043
      ],
      "val_accuracy": [
        17.0,
        60.0,
        94.0,
        99.0,
        99.0,
        99.0,
        99.0,
        99.0,
        99.0,
        99.0,
        99.0,
        99.0,
        99.0,
        99.0,
        99.0,
        99.0,
        100.0,
        100.0,
        100.0,
        100.0,
        100.0,
        100.0,
        100.0,
        100.0,
        100.0,
        100.0,
        100.0,
        100.0,
        100.0,
        100.0,
        100.0,
        100.0,
        100.0,
        100.0,
        100.0,
        100.0,
        100.0
      ],
      "learning_rates": [
        0.0001,
        9.997532801828658e-05,
        9.990133642141359e-05,
        9.977809823015401e-05,
        9.960573506572391e-05,
        9.93844170297569e-05,
        9.911436253643445e-05,
        9.879583809693738e-05,
        9.842915805643157e-05,
        9.801468428384717e-05,
        9.75528258147577e-05,
        9.70440384477113e-05,
        9.64888242944126e-05,
        9.588773128419907e-05,
        9.5241352623301e-05,
        9.455032620941843e-05,
        9.381533400219321e-05,
        9.303710135019722e-05,
        9.22163962751008e-05,
        9.135402871372814e-05,
        9.045084971874742e-05,
        8.950775061878456e-05,
        8.852566213878951e-05,
        8.750555348152303e-05,
        8.644843137107063e-05,
        8.535533905932742e-05,
        8.422735529643448e-05,
        8.306559326618263e-05,
        8.187119948743452e-05,
        8.064535268264887e-05,
        7.938926261462371e-05,
        7.810416889260659e-05,
        7.679133974894988e-05,
        7.545207078751862e-05,
        7.408768370508582e-05,
        7.26995249869774e-05,
        7.12889645782537e-05
      ],
      "train_accuracy": [
        1.0,
        22.0,
        73.0,
        95.0,
        99.0,
        99.0,
        99.0,
        99.0,
        99.0,
        99.0,
        99.0,
        99.0,
        99.0,
        99.0,
        99.0,
        99.0,
        100.0,
        100.0,
        100.0,
        100.0,
        100.0,
        100.0,
        100.0,
        100.0,
        100.0,
        100.0,
        100.0,
        100.0,
        100.0,
        100.0,
        100.0,
        100.0,
        100.0,
        100.0,
        100.0,
        100.0,
        100.0
      ]
    },
    "final_metrics": {
      "overall_accuracy": 72.45,
      "mean_per_class_accuracy": 72.45,
      "total_samples": 2000,
      "correct_predictions": 1449
    },
    "training_time": 192.5861382484436,
    "best_epoch": 36
  },
  "exp_001_5shot_contrastive_augFalse_default": {
    "config": {
      "n_shot": 5,
      "loss_type": "contrastive",
      "use_augmentation": false,
      "hyperparams": {
        "learning_rate": 0.0001,
        "weight_decay": 0.01,
        "batch_size": 32,
        "num_epochs": 100,
        "label_smoothing": 0.1,
        "temperature": 0.1,
        "patience": 20
      },
      "model": "coca_ViT-L-14",
      "pretrained": "mscoco_finetuned_laion2B-s13B-b90k"
    },
    "epoch_history": {
      "train_loss": [
        4.669183969497681,
        3.758090704679489,
        2.986942932009697,
        2.389698252081871,
        1.963736042380333,
        1.6200948804616928,
        1.4650122076272964,
        1.3314321264624596,
        1.295766182243824,
        1.1987986862659454,
        1.1638705506920815,
        1.1534796170890331,
        1.1362321712076664,
        1.110534407198429,
        1.1321137621998787,
        1.156415369361639,
        1.1335057318210602,
        1.1172698885202408,
        1.071209143847227,
        1.0918813608586788,
        1.1146569587290287,
        1.1117254085838795,
        1.0843751467764378,
        1.0964278914034367,
        1.1151387095451355,
        1.0660978294909,
        1.083297848701477,
        1.043280590325594
      ],
      "val_accuracy": [
        62.6,
        91.60000000000001,
        97.6,
        99.2,
        99.2,
        99.8,
        99.8,
        100.0,
        100.0,
        100.0,
        100.0,
        100.0,
        100.0,
        100.0,
        100.0,
        100.0,
        100.0,
        100.0,
        100.0,
        100.0,
        100.0,
        100.0,
        100.0,
        100.0,
        100.0,
        100.0,
        100.0,
        100.0
      ],
      "learning_rates": [
        0.0001,
        9.997532801828658e-05,
        9.990133642141359e-05,
        9.977809823015401e-05,
        9.960573506572391e-05,
        9.93844170297569e-05,
        9.911436253643445e-05,
        9.879583809693738e-05,
        9.842915805643157e-05,
        9.801468428384717e-05,
        9.75528258147577e-05,
        9.70440384477113e-05,
        9.64888242944126e-05,
        9.588773128419907e-05,
        9.5241352623301e-05,
        9.455032620941843e-05,
        9.381533400219321e-05,
        9.303710135019722e-05,
        9.22163962751008e-05,
        9.135402871372814e-05,
        9.045084971874742e-05,
        8.950775061878456e-05,
        8.852566213878951e-05,
        8.750555348152303e-05,
        8.644843137107063e-05,
        8.535533905932742e-05,
        8.422735529643448e-05,
        8.306559326618263e-05
      ],
      "train_accuracy": [
        15.8,
        76.8,
        92.60000000000001,
        97.8,
        98.8,
        99.2,
        99.6,
        100.0,
        100.0,
        100.0,
        100.0,
        100.0,
        100.0,
        100.0,
        100.0,
        100.0,
        100.0,
        100.0,
        100.0,
        100.0,
        100.0,
        100.0,
        100.0,
        100.0,
        100.0,
        100.0,
        100.0,
        100.0
      ]
    },
    "final_metrics": {
      "overall_accuracy": 89.7,
      "mean_per_class_accuracy": 89.7,
      "total_samples": 2000,
      "correct_predictions": 1794
    },
    "training_time": 577.7791385650635,
    "best_epoch": 27
  },
  "exp_002_10shot_contrastive_augFalse_default": {
    "config": {
      "n_shot": 10,
      "loss_type": "contrastive",
      "use_augmentation": false,
      "hyperparams": {
        "learning_rate": 0.0001,
        "weight_decay": 0.01,
        "batch_size": 32,
        "num_epochs": 100,
        "label_smoothing": 0.1,
        "temperature": 0.1,
        "patience": 20
      },
      "model": "coca_ViT-L-14",
      "pretrained": "mscoco_finetuned_laion2B-s13B-b90k"
    },