{
  "exp_000_20shot_contrastive_augFalse_high_lr": {
    "config": {
      "n_shot": 20,
      "loss_type": "contrastive",
      "use_augmentation": false,
      "hyperparams": {
        "learning_rate": 0.0005,
        "weight_decay": 0.05,
        "batch_size": 16,
        "num_epochs": 150,
        "label_smoothing": 0.2,
        "temperature": 0.2,
        "patience": 25
      },
      "model": "coca_ViT-L-14",
      "pretrained": "mscoco_finetuned_laion2B-s13B-b90k"
    },
    "epoch_history": {
      "train_loss": [
        2.304583477020264,
        1.6905708208084107,
        1.6310495223999024,
        1.7530612220764161,
        1.6800972452163696,
        1.6411477785110473,
        1.7429788970947266,
        1.6415153608322144,
        1.5737851543426513,
        1.5334969568252563,
        1.4923752708435059,
        1.4784098844528197,
        1.5681005659103393,
        1.6527721357345582,
        1.5930425357818603,
        1.5412931413650512,
        1.5136512145996093,
        1.49593603515625,
        1.5036378021240235,
        1.705820306777954,
        2.0160299491882325,
        1.7614388017654419,
        1.6057227945327759,
        1.5061734457015992,
        1.4617519283294678,
        1.4531969003677367,
        1.4453162755966187,
        1.4389154863357545,
        1.441821051597595,
        1.4376228456497193,
        1.4333720750808716,
        1.4341407995223998,
        1.4337805557250975,
        1.4349559736251831,
        1.4340327758789062,
        1.4405693597793578,
        1.4567686824798585,
        3.3024544286727906,
        5.158992988586426,
        5.10007105255127,
        5.118986663818359,
        5.175478889465332,
        5.0778607025146485,
        5.10191088104248,
        5.126018081665039,
        5.093527481079102,
        5.053210216522217,
        5.0543889274597165,
        5.059129791259766,
        5.14635099029541
      ],
      "val_accuracy": [
        95.15,
        93.8,
        93.25,
        97.25,
        95.05,
        91.8,
        97.1,
        96.85000000000001,
        95.8,
        99.55000000000001,
        99.9,
        98.45,
        98.7,
        93.65,
        97.55,
        99.35000000000001,
        99.25,
        99.3,
        99.3,
        84.55,
        92.05,
        98.45,
        97.8,
        99.95,
        100.0,
        100.0,
        100.0,
        100.0,
        100.0,
        100.0,
        100.0,
        100.0,
        100.0,
        100.0,
        100.0,
        100.0,
        99.3,
        19.25,
        1.4000000000000001,
        1.0,
        1.4500000000000002,
        1.8499999999999999,
        1.0,
        1.5,
        1.05,
        1.6,
        1.4500000000000002,
        1.7000000000000002,
        1.7500000000000002,
        1.8499999999999999
      ],
      "learning_rates": [
        0.0005,
        0.0004999451708687113,
        0.0004997807075247146,
        0.0004995066821070679,
        0.0004991232148123761,
        0.0004986304738420684,
        0.0004980286753286195,
        0.000497318083240747,
        0.0004964990092676262,
        0.0004955718126821722,
        0.0004945369001834514,
        0.00049339472571829,
        0.0004921457902821577,
        0.0004907906416994145,
        0.0004893298743830167,
        0.0004877641290737883,
        0.0004860940925593702,
        0.0004843204973729728,
        0.0004824441214720627,
        0.000480465787897125,
        0.00047838636441065006,
        0.00047620676311650473,
        0.00047392794005985306,
        0.0004715508948078035,
        0.0004690766700109657,
        0.00046650635094610946,
        0.0004638410650401265,
        0.0004610819813755036,
        0.0004582303101775247,
        0.0004552873022834258,
        0.00045225424859373666,
        0.00044913247950604884,
        0.0004459233643314598,
        0.00044262831069394716,
        0.000439248763912939,
        0.0004357862063693485,
        0.00043224215685535276,
        0.0004286181699082007,
        0.0004249158351283413,
        0.0004211367764821721,
        0.00041728265158971447,
        0.0004133551509975263,
        0.0004093559974371723,
        0.0004052869450695775,
        0.00040114977871559364,
        0.0003969463130731182,
        0.0003926783919211079,
        0.00038834788731083596,
        0.0003839566987447491,
        0.0003795067523432825
      ],
      "train_accuracy": [
        78.8,
        95.1,
        96.35000000000001,
        93.45,
        95.19999999999999,
        95.8,
        93.15,
        96.45,
        97.1,
        98.2,
        99.45,
        99.5,
        97.3,
        95.05,
        96.89999999999999,
        98.3,
        98.9,
        98.85000000000001,
        99.35000000000001,
        93.4,
        85.35000000000001,
        92.65,
        96.3,
        98.9,
        99.8,
        100.0,
        100.0,
        100.0,
        100.0,
        100.0,
        100.0,
        100.0,
        100.0,
        100.0,
        100.0,
        100.0,
        99.6,
        47.3,
        6.15,
        0.8999999999999999,
        0.8,
        1.15,
        1.25,
        1.4000000000000001,
        1.2,
        0.8999999999999999,
        1.15,
        1.25,
        1.2,
        1.55
      ]
    },
    "final_metrics": {
      "overall_accuracy": 2.0500000000000003,
      "mean_per_class_accuracy": 2.05,
      "total_samples": 2000,
      "correct_predictions": 41
    },
    "training_time": 8504.953397512436,
    "best_epoch": 35
  },
  "exp_001_20shot_contrastive_augFalse_low_lr": {
    "config": {
      "n_shot": 20,
      "loss_type": "contrastive",
      "use_augmentation": false,
      "hyperparams": {
        "learning_rate": 5e-05,
        "weight_decay": 0.001,
        "batch_size": 32,
        "num_epochs": 100,
        "label_smoothing": 0.05,
        "temperature": 0.05,
        "patience": 15
      },
      "model": "coca_ViT-L-14",
      "pretrained": "mscoco_finetuned_laion2B-s13B-b90k"
    },
    "epoch_history": {
      "train_loss": [
        4.014635464501759,
        1.9444450461675251,
        0.8451157883992271,
        0.610560417175293,
        0.5300817626809317,
        0.5057142906718783,
        0.4885104899368589,
        0.4804674344403403,
        0.4739842187790644,
        0.47194614580699373,
        0.4694379676902105,
        0.46839966376622516,
        0.480023454579096,
        0.4833827406641037,
        0.4652788941822355,
        0.4698833946197752,
        0.46916883285083466,
        0.4699649711449941,
        0.46647255761282785,
        0.4623636229643746,
        0.4645237567878905,
        0.4585416581895616,
        0.461464291054105
      ],
      "val_accuracy": [
        89.85,
        95.8,
        97.6,
        98.75,
        99.3,
        99.8,
        99.9,
        100.0,
        100.0,
        100.0,
        100.0,
        100.0,
        99.85000000000001,
        99.95,
        100.0,
        100.0,
        100.0,
        100.0,
        100.0,
        99.95,
        100.0,
        100.0,
        100.0
      ],
      "learning_rates": [
        5e-05,
        4.998766400914329e-05,
        4.995066821070679e-05,
        4.9889049115077005e-05,
        4.9802867532861956e-05,
        4.969220851487845e-05,
        4.9557181268217227e-05,
        4.939791904846869e-05,
        4.921457902821578e-05,
        4.9007342141923585e-05,
        4.877641290737885e-05,
        4.852201922385565e-05,
        4.82444121472063e-05,
        4.794386564209954e-05,
        4.76206763116505e-05,
        4.727516310470921e-05,
        4.6907667001096604e-05,
        4.651855067509861e-05,
        4.61081981375504e-05,
        4.567701435686407e-05,
        4.522542485937371e-05,
        4.475387530939228e-05,
        4.426283106939476e-05
      ],