{"mse": 0.5081238687038423, "mse_q2": 0.6424047004629455, "mse_q1": 0.39300856074358825, "mse_q3": 0.846806347060914, "mse_q0": 0.16372916374991572, "loss": 0.975291638374329, "loss_q2": 1.1092450372550822, "loss_q1": 0.8623063823019811, "loss_q3": 1.3106119345134322, "loss_q0": 0.6323600563334252, "grad_norm": 0.30182601370102485, "step": 950, "samples": 60864, "_timestamp": 1759227928.6240628, "_runtime": 4521.413848876953, "_step": 20, "eval_mse": 1.5111091136932373, "eval_mse_q2": 1.5120706978966207, "eval_mse_q1": 1.5206252901177657, "eval_mse_q0": 1.4893602343166576, "eval_mse_q3": 1.526797955686396, "eval_loss": 2.2519755363464355, "eval_loss_q2": 2.2620454255272353, "eval_loss_q1": 2.2692104389793, "eval_loss_q0": 2.214088229572072, "eval_loss_q3": 2.2651961716738613, "_wandb": {"runtime": 4746}}