epoch,train_loss,val_top1,val_top5
1,3.668101,26.04,60.75
1,3.491635,28.18,63.55
