Model,Avg SNR (dB),Avg MCD (dB),Avg Correlation,Avg Spec Distortion (dB),CPU Inference (ms),GPU Inference (ms),CPU Memory (MB),GPU Memory (MB)
iSTFT Best Loss,-1.82,12.90,-0.003,18.43,13.677743400000963,5.218470287322998,3.01953125,176.10126953125
iSTFT Best MCD,-1.84,12.36,-0.008,17.65,14.21543360000328,5.559807968139649,2.08125,188.19892578125
