{
    "timestamp": "2025-10-19 17:04:07",
    "config_baseline": {
      "emb_size": 128,
      "out_emb_size": 256,
      "int_emb_size": 64,
      "basis_emb_size": 8,
      "num_blocks": 4,
      "num_bilinear": 8,
      "num_spherical": 7,
      "num_radial": 6,
      "l_max": 0
    },
    "config_equivariant": {
      "emb_size": 128,
      "out_emb_size": 256,
      "int_emb_size": 64,
      "basis_emb_size": 8,
      "num_blocks": 4,
      "num_spherical": 7,
      "num_radial": 6,
      "l_max": 1,
      "epochs": 100,
      "steps_per_epoch": 5000,
      "learning_rate": 0.001
    },
    "provider": {
      "data_path": "/kaggle/input/dime-net/dimenet/data/qm9_eV.npz",
      "ntrain": 110000,
      "nval": 10000,
      "batch_size": 32,
      "cutoff": 5.0
    },
    "equivariant": {
      "mean_mae_train": 0.09992651641368866,
      "mean_mae_val": 0.1196959912776947,
      "maes_val": [
        0.1196959912776947
      ],
      "train_history": [
        1.7935019731521606,
        0.4061781167984009,
        0.19012436270713806,
        0.2063712775707245,
        0.2920260429382324,
        0.2805465757846832,
        0.27213752269744873,
        0.2641110420227051,
        0.2588014006614685,
        0.25153377652168274,
        0.244889497756958,
        0.23990218341350555,
        0.23408585786819458,
        0.22979746758937836,
        0.2246244102716446,
        0.22058594226837158,
        0.21751292049884796,
        0.2134571224451065,
        0.2099817842245102,
        0.2062143087387085,
        0.20307637751102448,
        0.20015251636505127,
        0.1975129246711731,
        0.19469575583934784,
        0.192221000790596,
        0.18995042145252228,
        0.18752388656139374,
        0.1857723593711853,
        0.18381451070308685,
        0.18147671222686768,
        0.17944121360778809,
        0.17775900661945343,
        0.1754196286201477,
        0.17318104207515717,
        0.17124401032924652,
        0.16862435638904572,
        0.16706329584121704,
        0.16497185826301575,
        0.16345055401325226,
        0.16137714684009552,
        0.15976190567016602,
        0.15782247483730316,
        0.15594464540481567,
        0.15398813784122467,
        0.1526317447423935,
        0.15059207379817963,
        0.14910998940467834,
        0.1546752005815506,
        0.23357635736465454,
        0.23102860152721405,
        0.22773896157741547,
        0.1709849238395691,
        0.13990788161754608,
        0.13809938728809357,
        0.1364971250295639,
        0.1352943778038025,
        0.13416129350662231,
        0.13267621397972107,
        0.13111837208271027,
        0.1300055831670761,
        0.12850911915302277,
        0.12728774547576904,
        0.12599653005599976,
        0.12420212477445602,
        0.11061938852071762,
        0.07017993927001953,
        0.06939651817083359,
        0.10924311727285385,
        0.11891024559736252,
        0.11741694062948227,
        0.11640941351652145,
        0.11487456411123276,
        0.11405418068170547,
        0.11280227452516556,
        0.11170632392168045,
        0.11043616384267807,
        0.10962717235088348,
        0.1086043268442154,
        0.10740005970001221,
        0.10655201971530914,
        0.10553981363773346,
        0.10475806146860123,
        0.10380014777183533,
        0.10267911851406097,
        0.10175837576389313,
        0.10153507441282272,
        0.09992651641368866
      ],
      "val_history": [
        0.5810196399688721,
        0.21701525151729584,
        0.16928739845752716,
        0.3759530484676361,
        0.2761683464050293,
        0.23050273954868317,
        0.34758710861206055,
        0.23542757332324982,
        0.19576801359653473,
        0.3044266104698181,
        0.2711031436920166,
        0.1700253039598465,
        0.3248908519744873,
        0.1866297423839569,
        0.1448604166507721,
        0.2849622666835785,
        0.22418567538261414,
        0.16495183110237122,
        0.2857802212238312,
        0.22341425716876984,
        0.15004600584506989,
        0.2681786119937897,
        0.17909972369670868,
        0.1516912281513214,
        0.2797587513923645,
        0.19617803394794464,
        0.1286918818950653,
        0.23036806285381317,
        0.1785753220319748,
        0.12655894458293915,
        0.24599319696426392,
        0.15703076124191284,
        0.10939056426286697,
        0.25971195101737976,
        0.17429599165916443,
        0.13974015414714813,
        0.23188968002796173,
        0.14210841059684753,
        0.13093796372413635,
        0.22168433666229248,
        0.1550275832414627,
        0.11017657816410065,
        0.21811513602733612,
        0.17785608768463135,
        0.10763956606388092,
        0.19221627712249756,
        0.144206240773201,
        0.3437712788581848,
        0.305419921875,
        0.33828893303871155,
        0.30100587010383606,
        0.16926194727420807,
        0.09624337404966354,
        0.19182206690311432,
        0.1375971883535385,
        0.10343766957521439,
        0.1515183001756668,
        0.11921034753322601,
        0.08473212271928787,
        0.16339901089668274,
        0.12327971309423447,
        0.11200985312461853,
        0.11926291882991791,
        0.09296033531427383,
        0.0889178216457367,
        0.07880683988332748,
        0.06834353506565094,
        0.12777791917324066,
        0.09065228700637817,
        0.16404041647911072,
        0.11921700835227966,
        0.0752539411187172,
        0.16042737662792206,
        0.10564689338207245,
        0.09204742312431335,
        0.17004568874835968,
        0.09614229947328568,
        0.07738940417766571,
        0.14689190685749054,
        0.11556526273488998,
        0.0824141651391983,
        0.13879701495170593,
        0.07719126343727112,
        0.13807864487171173,
        0.10020019114017487,
        0.06939315050840378,
        0.1196959912776947
      ],
      "best_val_mae": 0.06834353506565094,
      "best_model_path": "./outputs/equivariant_best.weights.h5"
    },
    "test_metrics": {
      "equivariant": {
        "mean_mae": 0.06659956276416779,
        "maes": [
          0.06659956276416779
        ]
      }
    },
    "test_metrics_mev": {
      "equivariant": {
        "mean_mae": 66.59956276416779,
        "maes": [
          66.59956359863281
        ]
      }
    }
  }